<?xml version="1.0"?>
<dpInst>
	<search>
		<subDirectory>x86</subDirectory>
	</search>

    <language code="0x0409">
        <dpinstTitle>Intel(R) Atom Z2760 Security Engine Device Installer</dpinstTitle>
    
        <welcomeTitle>Intel(R) Atom Z2760 Security Engine Driver Installer</welcomeTitle>
        <welcomeIntro>This wizard will walk you through the installtion of the drivers for your Intel(R) Atom Z2760 Security Engine device</welcomeIntro>
      
        <installHeaderTitle>Installing the software for your Intel(R) Atom Z2760 Security Engine device...</installHeaderTitle>

        <finishTitle>Congratulations! You are finished installing your CloverTrail Secuirty Engine device.</finishTitle>
        <finishText>Thank you</finishText>
    </language>
</dpInst>

